{
    "address": "fcfbcf2ce85669cae5277e04a4003f84f9a5cb45",
    "id": "3bbfe19a-c2f0-497b-ac12-3b09fd0350d6",
    "version": 3,
    "crypto": {
        "cipher": "aes-128-ctr",
        "ciphertext": "78721fd003e98de0033c93bfdb5d7c8f154f4710f1bab7e6e95fd4fb4d51622d",
        "cipherparams": {
            "iv": "3f0de424be29910f58c3cf1c75c001e7"
        },
        "kdf": "scrypt",
        "kdfparams": {
            "dklen": 32,
            "n": 4096,
            "p": 6,
            "r": 8,
            "salt": "0a141a3da1cc6cc1c7dcb3e70b1418e5486b618d523c7a96b6e530799e516d35"
        },
        "mac": "33449622365eb52711cfd000aa9f61960d613ba568a04a298d0bc481943cdf6e"
    }
}