{
    "address": "bc0d8944289bb13a02097fb0c0bf2e460d4cab9a",
    "id": "1df5b881-8455-4e6a-b765-5437aa97294f",
    "version": 3,
    "crypto": {
        "cipher": "aes-128-ctr",
        "ciphertext": "4b6a959c078b537a6e857f5df5d20fece9391d6ade8190f476c59e6540f8e7f9",
        "cipherparams": {
            "iv": "4bb28173143b26d9fec12e0ac558991d"
        },
        "kdf": "scrypt",
        "kdfparams": {
            "dklen": 32,
            "n": 4096,
            "p": 6,
            "r": 8,
            "salt": "84213223153e8e2a67de7554eb302f17f27a391710f9d0e25259d7656495008e"
        },
        "mac": "86bae8ba8d73d6080d2c80c9fde7c78b9bd981ddf6596aca1432c6b70ccb5421"
    }
}