{
    "address": "80b710e15f784ca2a9771578db7b87b3a67d0c2e",
    "id": "0044bc03-80a7-4b54-bf36-723695435056",
    "version": 3,
    "crypto": {
        "cipher": "aes-128-ctr",
        "ciphertext": "28e517e10d55e7bc71c110b27c53abe9c761b70977a10ec0498ac34d73dce134",
        "cipherparams": {
            "iv": "462452be3e76bf060db3f00e16b93ae5"
        },
        "kdf": "scrypt",
        "kdfparams": {
            "dklen": 32,
            "n": 4096,
            "p": 6,
            "r": 8,
            "salt": "690b1d45a045d7e6c0f4447b2cf42df51e1eacb42df9fcd8669af12c51bfff6f"
        },
        "mac": "a61e9495de286de192e9d8c012eaf15eb96806bcb7d8cfae200d8a0c9241d4cb"
    }
}